,Country,Density(P/Km2),Abbreviation,Agricultural Land( %),Land Area(Km2),Armed Forces size,Birth Rate,Calling Code,Capital/Major City,Co2-Emissions,CPI,CPI Change (%),Currency-Code,Fertility Rate,Forested Area (%),Gasoline Price,GDP,Gross primary education enrollment (%),Gross tertiary education enrollment (%),Infant mortality,Largest city,Life expectancy,Maternal mortality ratio,Minimum wage,Official language,Out of pocket health expenditure,Physicians per thousand,Population,Population: Labor force participation (%),Tax revenue (%),Total tax rate,Unemployment rate,Urban_population,Latitude,Longitude
0,Afghanistan,60,AF,58.10%,"652,230","323,000",32.49,93.0,Kabul,"8,672",149.9,2.30%,AFN,4.47,2.10%,$0.70 ,"$19,101,353,833 ",104.00%,9.70%,47.9,Kabul,64.5,638.0,$0.43 ,Pashto,78.40%,0.28,38041754,48.90%,9.30%,71.40%,11.12%,"9,797,273",33.93911,67.709953
2,Algeria,18,DZ,17.40%,"2,381,741","317,000",24.28,213.0,Algiers,"150,006",151.36,2.00%,DZD,3.02,0.80%,$0.28 ,"$169,988,236,398 ",109.90%,51.40%,20.1,Algiers,76.7,112.0,$0.95 ,Arabic,28.10%,1.72,43053054,41.20%,37.20%,66.10%,11.70%,"31,510,100",28.033886,1.659626
4,Angola,26,AO,47.50%,"1,246,700","117,000",40.73,244.0,Luanda,"34,693",261.73,17.10%,AOA,5.52,46.30%,$0.97 ,"$94,635,415,870 ",113.50%,9.30%,51.6,Luanda,60.8,241.0,$0.71 ,Portuguese,33.40%,0.21,31825295,77.50%,9.20%,49.10%,6.89%,"21,061,025",-11.202692,17.873887
6,Argentina,17,AR,54.30%,"2,780,400","105,000",17.02,54.0,Buenos Aires,"201,348",232.75,53.50%,ARS,2.26,9.80%,$1.10 ,"$449,663,446,954 ",109.70%,90.00%,8.8,Buenos Aires,76.5,39.0,$3.35 ,Spanish,17.60%,3.96,44938712,61.30%,10.10%,106.30%,9.79%,"41,339,571",-38.416097,-63.616672
8,Australia,3,AU,48.20%,"7,741,220","58,000",12.6,61.0,Canberra,"375,908",119.8,1.60%,AUD,1.74,16.30%,$0.93 ,"$1,392,680,589,329 ",100.30%,113.10%,3.1,Sydney,82.7,6.0,$13.59 ,,19.60%,3.68,25766605,65.50%,23.00%,47.40%,5.27%,"21,844,756",-25.274398,133.775136
9,Austria,109,AT,32.40%,"83,871","21,000",9.7,43.0,Vienna,"61,448",118.06,1.50%,EUR,1.47,46.90%,$1.20 ,"$446,314,739,528 ",103.10%,85.10%,2.9,Vienna,81.6,5.0,,German,17.90%,5.17,8877067,60.70%,25.40%,51.40%,4.67%,"5,194,416",47.516231,14.550072
10,Azerbaijan,123,AZ,57.70%,"86,600","82,000",14.0,994.0,Baku,"37,620",156.32,2.60%,AZN,1.73,14.10%,$0.56 ,"$39,207,000,000 ",99.70%,27.70%,19.2,Baku,72.9,26.0,$0.47 ,Azerbaijani language,78.60%,3.45,10023318,66.50%,13.00%,40.70%,5.51%,"5,616,165",40.143105,47.576927
13,Bangladesh,"1,265",BD,70.60%,"148,460","221,000",18.18,880.0,Dhaka,"84,246",179.68,5.60%,BDT,2.04,11.00%,$1.12 ,"$302,571,254,131 ",116.50%,20.60%,25.1,Dhaka,72.3,173.0,$0.51 ,Bengali,71.80%,0.58,167310838,59.00%,8.80%,33.40%,4.19%,"60,987,417",23.684994,90.356331
15,Belarus,47,BY,42.00%,"207,600","155,000",9.9,375.0,Minsk,"58,280",,5.60%,BYN,1.45,42.60%,$0.60 ,"$63,080,457,023 ",100.50%,87.40%,2.6,Minsk,74.2,2.0,$1.49 ,Russian,34.50%,5.19,9466856,64.10%,14.70%,53.30%,4.59%,"7,482,982",53.709807,27.953389
16,Belgium,383,BE,44.60%,"30,528","32,000",10.3,32.0,City of Brussels,"96,889",117.11,1.40%,EUR,1.62,22.60%,$1.43 ,"$529,606,710,418 ",103.90%,79.70%,2.9,Brussels,81.6,5.0,$10.31 ,French,17.60%,3.07,11484055,53.60%,24.00%,55.40%,5.59%,"11,259,082",50.503887,4.469936
18,Benin,108,BJ,33.30%,"112,622","12,000",36.22,229.0,Porto-Novo,"6,476",110.71,-0.90%,XOF,4.84,37.80%,$0.72 ,"$14,390,709,095 ",122.00%,12.30%,60.5,Cotonou,61.5,397.0,$0.39 ,French,40.50%,0.08,11801151,70.90%,10.80%,48.90%,2.23%,"5,648,149",9.30769,2.315834
20,Bolivia,11,BO,34.80%,"1,098,581","71,000",21.75,591.0,Sucre,"21,606",148.32,1.80%,BOB,2.73,50.30%,$0.71 ,"$40,895,322,865 ",98.20%,,21.8,Santa Cruz de la Sierra,71.2,155.0,$1.36 ,Spanish,25.90%,1.59,11513100,71.80%,17.00%,83.70%,3.50%,"8,033,035",-16.290154,-63.588653
23,Brazil,25,BR,33.90%,"8,515,770","730,000",13.92,55.0,Bras���,"462,299",167.4,3.70%,BRL,1.73,58.90%,$1.02 ,"$1,839,758,040,766 ",115.40%,51.30%,12.8,S����,75.7,60.0,$1.53 ,Portuguese,28.30%,2.15,212559417,63.90%,14.20%,65.10%,12.08%,"183,241,641",-14.235004,-51.92528
25,Bulgaria,64,BG,46.30%,"110,879","31,000",8.9,359.0,Sofia,"41,708",114.42,3.10%,BGN,1.56,35.40%,$1.11 ,"$86,000,000,000 ",89.30%,71.00%,5.9,Sofia,74.9,10.0,$1.57 ,Bulgarian,47.70%,4.03,6975761,55.40%,20.20%,28.30%,4.34%,"5,256,027",42.733883,25.48583
26,Burkina Faso,76,BF,44.20%,"274,200","11,000",37.93,226.0,Ouagadougou,"3,418",106.58,-3.20%,XOF,5.19,19.30%,$0.98 ,"$15,745,810,235 ",96.10%,6.50%,49.0,Ouagadougou,61.2,320.0,$0.34 ,French,36.10%,0.08,20321378,66.40%,15.00%,41.30%,6.26%,"6,092,349",12.238333,-1.561593
27,Burundi,463,BI,79.20%,"27,830","31,000",39.01,257.0,Bujumbura,495,182.11,-0.70%,BIF,5.41,10.90%,$1.21 ,"$3,012,334,882 ",121.40%,6.10%,41.0,Bujumbura,61.2,548.0,,Kirundi,19.10%,0.1,11530580,79.20%,13.60%,41.20%,1.43%,"1,541,177",-3.373056,29.918886
28,Ivory Coast,83,CI,64.80%,"322,463","27,000",35.74,225.0,Yamoussoukro,"9,674",111.61,-0.90%,XOF,4.65,32.70%,$0.93 ,"$58,792,205,642 ",99.80%,9.30%,59.4,Abidjan,57.4,617.0,$0.36 ,French,36.00%,0.23,25716544,57.00%,11.80%,50.10%,3.32%,"13,176,900",7.539989,-5.54708
30,Cambodia,95,KH,30.90%,"181,035","191,000",22.46,855.0,Phnom Penh,"9,919",127.63,2.50%,,2.5,52.90%,$0.90 ,"$27,089,389,787 ",107.40%,13.70%,24.0,Phnom Penh,69.6,160.0,,Khmer language,59.40%,0.17,16486542,82.30%,17.10%,23.10%,0.68%,"3,924,621",12.565679,104.990963
31,Cameroon,56,CM,20.60%,"475,440","24,000",35.39,237.0,Yaound�,"8,291",118.65,2.50%,XAF,4.57,39.30%,$1.03 ,"$38,760,467,033 ",103.40%,12.80%,50.6,Douala,58.9,529.0,$0.35 ,French,69.70%,0.09,25876380,76.10%,12.80%,57.70%,3.38%,"14,741,256",7.369722,12.354722
32,Canada,4,CA,6.90%,"9,984,670","72,000",10.1,1.0,Ottawa,"544,894",116.76,1.90%,CAD,1.5,38.20%,$0.81 ,"$1,736,425,629,520 ",100.90%,68.90%,4.3,Toronto,81.9,10.0,$9.51 ,French,14.60%,2.61,36991981,65.10%,12.80%,24.50%,5.56%,"30,628,482",56.130366,-106.346771
34,Chad,13,TD,39.70%,"1,284,000","35,000",42.17,235.0,N'Djamena,"1,016",117.7,-1.00%,XAF,5.75,3.80%,$0.78 ,"$11,314,951,343 ",86.80%,3.30%,71.4,N'Djamena,54.0,1140.0,$0.60 ,French,56.40%,0.04,15946876,70.70%,,63.50%,1.89%,"3,712,273",15.454166,18.732207
35,Chile,26,CL,21.20%,"756,096","122,000",12.43,56.0,Santiago,"85,822",131.91,2.60%,CLP,1.65,24.30%,$1.03 ,"$282,318,159,745 ",101.40%,88.50%,6.2,Santiago,80.0,13.0,$2.00 ,Spanish,32.20%,2.59,18952038,62.60%,18.20%,34.00%,7.09%,"16,610,135",-35.675147,-71.542969
36,China,153,CN,56.20%,"9,596,960","2,695,000",10.9,86.0,Beijing,"9,893,038",125.08,2.90%,CNY,1.69,22.40%,$0.96 ,"$19,910,000,000,000 ",100.20%,50.60%,7.4,Shanghai,77.0,29.0,$0.87 ,Standard Chinese,32.40%,1.98,1397715000,68.00%,9.40%,59.20%,4.32%,"842,933,962",35.86166,104.195397
37,Colombia,46,CO,40.30%,"1,138,910","481,000",14.88,57.0,Bogot�,"97,814",140.95,3.50%,COP,1.81,52.70%,$0.68 ,"$323,802,808,108 ",114.50%,55.30%,12.2,Bogot�,77.1,83.0,$1.23 ,Spanish,18.30%,2.18,50339443,68.80%,14.40%,71.20%,9.71%,"40,827,302",4.570868,-74.297333
42,Cuba,106,CU,59.90%,"110,860","76,000",10.17,53.0,Havana,"28,284",,,CUP,1.62,31.30%,$1.40 ,"$100,023,000,000 ",101.90%,41.40%,3.7,Havana,78.7,36.0,$0.05 ,Spanish,,8.42,11333483,53.60%,,,1.64%,"8,739,135",21.521757,-77.781167
44,Czech Republic,139,CZ,45.20%,"78,867","23,000",10.7,420.0,Prague,"102,218",116.48,2.80%,CZK,1.69,34.60%,$1.17 ,"$246,489,245,495 ",100.70%,64.10%,2.7,Prague,79.0,3.0,$3.00 ,Czech,14.80%,4.12,10669709,60.60%,14.90%,46.10%,1.93%,"7,887,156",49.817492,15.472962
45,Democratic Republic of the Congo,40,CD,11.60%,"2,344,858","134,000",41.18,243.0,Kinshasa,"2,021",133.85,2.90%,CDF,5.92,67.20%,$1.49 ,"$47,319,624,204 ",108.00%,6.60%,68.2,Kinshasa,60.4,473.0,$0.18 ,French,37.40%,0.07,86790567,63.50%,10.70%,50.70%,4.24%,"39,095,679",-4.038333,21.758664
49,Dominican Republic,225,DO,48.70%,"48,670","71,000",19.51,1.0,Santo Domingo,"25,258",135.5,1.80%,DOP,2.35,41.70%,$1.07 ,"$88,941,298,258 ",105.70%,59.90%,24.1,Santo Domingo,73.9,95.0,$0.40 ,Spanish,43.70%,1.56,10738958,64.30%,13.00%,48.80%,5.84%,"8,787,475",18.735693,-70.162651
50,Ecuador,71,EC,22.20%,"283,561","41,000",19.72,593.0,Quito,"41,155",124.14,0.30%,USD,2.43,50.20%,$0.61 ,"$107,435,665,000 ",103.30%,44.90%,12.2,Quito,76.8,59.0,$2.46 ,Spanish,43.70%,2.04,17373662,68.00%,,34.40%,3.97%,"11,116,711",-1.831239,-78.183406
51,Egypt,103,EG,3.80%,"1,001,450","836,000",26.38,20.0,Cairo,"238,560",288.57,9.20%,EGP,3.33,0.10%,$0.40 ,"$303,175,127,598 ",106.30%,35.20%,18.1,Cairo,71.8,37.0,,Modern Standard Arabic,62.00%,0.45,100388073,46.40%,12.50%,44.40%,10.76%,"42,895,824",26.820553,30.802498
52,El Salvador,313,SV,76.40%,"21,041","42,000",18.25,503.0,San Salvador,"7,169",111.23,0.10%,,2.04,12.60%,$0.83 ,"$27,022,640,000 ",94.80%,29.40%,11.8,San Salvador,73.1,46.0,$0.50 ,Spanish,27.90%,1.57,6453553,59.10%,18.10%,36.40%,4.11%,"4,694,702",13.794185,-88.89653
54,Eritrea,35,ER,75.20%,"117,600","202,000",30.3,291.0,Asmara,711,,,ERN,4.06,14.90%,$2.00 ,"$2,065,001,626 ",68.40%,3.40%,31.3,Asmara,65.9,480.0,,Tigrinya,52.40%,0.06,6333135,78.40%,,83.70%,5.14%,"1,149,670",15.179384,39.782334
57,Ethiopia,115,ET,36.30%,"1,104,300","138,000",32.34,251.0,Addis Ababa,"14,870",143.86,15.80%,ETB,4.25,12.50%,$0.75 ,"$96,107,662,398 ",101.00%,8.10%,39.1,Addis Ababa,66.2,401.0,,Amharic,37.80%,0.08,112078730,79.60%,7.50%,37.70%,2.08%,"23,788,710",9.145,40.489673
60,France,119,FR,52.40%,"643,801","307,000",11.3,33.0,Paris,"303,276",110.05,1.10%,EUR,1.88,31.20%,$1.39 ,"$2,715,518,274,227 ",102.50%,65.60%,3.4,Paris,82.5,8.0,$11.16 ,French,6.80%,3.27,67059887,55.10%,24.20%,60.70%,8.43%,"54,123,364",46.227638,2.213749
64,Germany,240,DE,47.70%,"357,022","180,000",9.5,49.0,Berlin,"727,973",112.85,1.40%,EUR,1.56,32.70%,$1.39 ,"$3,845,630,030,824 ",104.00%,70.20%,3.1,Berlin,80.9,7.0,$9.99 ,German,12.50%,4.25,83132799,60.80%,11.50%,48.80%,3.04%,"64,324,835",51.165691,10.451526
65,Ghana,137,GH,69.00%,"238,533","16,000",29.41,233.0,Accra,"16,670",268.36,7.20%,GHS,3.87,41.20%,$0.92 ,"$66,983,634,224 ",104.80%,15.70%,34.9,Accra,63.8,308.0,$0.27 ,English,36.10%,0.14,30792608,67.80%,12.60%,55.40%,4.33%,"17,249,054",7.946527,-1.023194
66,Greece,81,GR,47.60%,"131,957","146,000",8.1,30.0,Athens,"62,434",101.87,0.20%,EUR,1.35,31.70%,$1.54 ,"$209,852,761,469 ",99.60%,136.60%,3.6,Macedonia,81.3,3.0,$4.46 ,Greek,35.50%,5.48,10716322,51.80%,26.20%,51.90%,17.24%,"8,507,474",39.074208,21.824312
68,Guatemala,167,GT,36.00%,"108,889","43,000",24.56,502.0,Guatemala City,"16,777",142.92,3.70%,GTQ,2.87,32.70%,$0.79 ,"$76,710,385,880 ",101.90%,21.80%,22.1,Guatemala City,74.1,95.0,$1.60 ,Spanish,55.80%,0.35,16604026,62.30%,10.60%,35.20%,2.46%,"8,540,945",15.783471,-90.230759
69,Guinea,53,GN,59.00%,"245,857","13,000",36.36,224.0,Conakry,"2,996",262.95,9.50%,GNF,4.7,25.80%,$0.90 ,"$13,590,281,809 ",91.50%,11.60%,64.9,Kankan,61.2,576.0,,French,54.50%,0.08,12771246,61.50%,10.80%,69.30%,4.30%,"4,661,505",9.945587,-9.696645
72,Haiti,414,HT,66.80%,"27,750",0,24.35,509.0,Port-au-Prince,"2,978",179.29,12.50%,HTG,2.94,3.50%,$0.81 ,"$8,498,981,821 ",113.60%,1.10%,49.5,Port-au-Prince,63.7,480.0,$0.25 ,French,36.30%,0.23,11263077,67.20%,,42.70%,13.78%,"6,328,948",18.971187,-72.285215
74,Honduras,89,HN,28.90%,"112,090","23,000",21.6,504.0,Tegucigalpa,"9,813",150.34,4.40%,HNL,2.46,40.00%,$0.98 ,"$25,095,395,475 ",91.50%,26.20%,15.1,Tegucigalpa,75.1,65.0,$1.01 ,Spanish,49.10%,0.31,9746117,68.80%,17.30%,39.10%,5.39%,"5,626,433",15.199999,-86.241905
75,Hungary,107,HU,58.40%,"93,028","40,000",9.6,36.0,Budapest,"45,537",121.64,3.30%,HUF,1.54,22.90%,$1.18 ,"$160,967,157,504 ",100.80%,48.50%,3.6,Budapest,75.8,12.0,$2.62 ,Hungarian,29.00%,3.41,9769949,56.50%,23.00%,37.90%,3.40%,"6,999,582",47.162494,19.503304
77,India,464,IN,60.40%,"3,287,263","3,031,000",17.86,91.0,New Delhi,"2,407,672",180.44,7.70%,INR,2.22,23.80%,$0.97 ,"$2,611,000,000,000 ",113.00%,28.10%,29.9,Kurebhar,69.4,145.0,$0.30 ,Hindi,65.10%,0.86,1366417754,49.30%,11.20%,49.70%,5.36%,"471,031,528",20.593684,78.96288
78,Indonesia,151,ID,31.50%,"1,904,569","676,000",18.07,62.0,Jakarta,"563,325",151.18,3.00%,IDR,2.31,49.90%,$0.63 ,"$1,119,190,780,753 ",106.40%,36.30%,21.1,Kalimantan,71.5,177.0,$0.48 ,Indonesian,48.30%,0.43,270203917,67.50%,10.20%,30.10%,4.69%,"151,509,724",-0.789275,113.921327
79,Iran,52,IR,28.20%,"1,648,195","563,000",18.78,98.0,Tehran,"661,710",550.93,39.90%,IRR,2.14,6.60%,$0.40 ,"$445,345,282,123 ",110.70%,68.10%,12.4,Tehran,76.5,16.0,$1.58 ,Persian,39.70%,1.58,82913906,44.70%,7.40%,44.70%,11.38%,"62,509,623",32.427908,53.688046
80,Iraq,93,IQ,21.40%,"438,317","209,000",29.08,964.0,Baghdad,"190,061",119.86,0.40%,IQD,3.67,1.90%,$0.61 ,"$234,094,042,939 ",108.70%,16.20%,22.5,Baghdad,70.5,79.0,$1.24 ,Arabic,76.50%,0.71,39309783,43.00%,2.00%,30.80%,12.82%,"27,783,368",33.223191,43.679291
82,Israel,400,IL,24.60%,"20,770","178,000",20.8,972.0,Jerusalem,"65,166",108.15,0.80%,ILS,3.09,7.70%,$1.57 ,"$395,098,666,122 ",104.90%,63.40%,3.0,Jerusalem,82.8,3.0,$7.58 ,Hebrew,24.40%,4.62,9053300,64.00%,23.10%,25.30%,3.86%,"8,374,393",31.046051,34.851612
83,Italy,206,IT,43.20%,"301,340","347,000",7.3,39.0,Rome,"320,411",110.62,0.60%,EUR,1.29,31.80%,$1.61 ,"$2,001,244,392,042 ",101.90%,61.90%,2.6,Rome,82.9,2.0,,Italian,22.80%,3.98,60297396,49.60%,24.30%,59.10%,9.89%,"42,651,966",41.87194,12.56738
85,Japan,347,JP,12.30%,"377,944","261,000",7.4,81.0,Tokyo,"1,135,886",105.48,0.50%,,1.42,68.50%,$1.06 ,"$5,081,769,542,380 ",98.80%,63.20%,1.8,Tokyo,84.2,5.0,$6.77 ,,13.10%,2.41,126226568,61.70%,11.90%,46.70%,2.29%,"115,782,416",36.204824,138.252924
86,Jordan,115,JO,12.00%,"89,342","116,000",21.98,962.0,Amman,"25,108",125.6,0.80%,JOD,2.76,1.10%,$1.10 ,"$43,743,661,972 ",81.50%,34.40%,13.9,Amman,74.4,46.0,$1.49 ,Arabic,25.10%,2.32,10101694,39.30%,15.10%,28.60%,14.72%,"9,213,048",30.585164,36.238414
87,Kazakhstan,7,KZ,80.40%,"2,724,900","71,000",21.77,7.0,Astana,"247,207",182.75,5.20%,KZT,2.84,1.20%,$0.42 ,"$180,161,741,180 ",104.40%,61.70%,8.8,Almaty,73.2,10.0,$0.41 ,Russian,38.80%,3.25,18513930,68.80%,11.70%,28.40%,4.59%,"10,652,915",48.019573,66.923684
88,Kenya,94,KE,48.50%,"580,367","29,000",28.75,254.0,Nairobi,"17,910",180.51,4.70%,KES,3.49,7.80%,$0.95 ,"$95,503,088,538 ",103.20%,11.50%,30.6,Nairobi,66.3,342.0,$0.25 ,Swahili,33.40%,0.16,52573973,74.70%,15.10%,37.20%,2.64%,"14,461,523",-0.023559,37.906193
91,Kyrgyzstan,34,KG,55.00%,"199,951","21,000",27.1,996.0,Bishkek,"9,787",155.68,1.10%,KGS,3.3,3.30%,$0.56 ,"$8,454,619,608 ",107.60%,41.30%,16.9,Bishkek,71.4,60.0,$0.09 ,Russian,48.20%,1.88,6456900,59.80%,18.00%,29.00%,6.33%,"2,362,644",41.20438,74.766098
92,Laos,32,LA,10.30%,"236,800","129,000",23.55,856.0,Vientiane,"17,763",135.87,3.30%,LAK,2.67,82.10%,$0.93 ,"$18,173,839,128 ",102.40%,15.00%,37.6,Vientiane,67.6,185.0,$0.83 ,Lao,45.40%,0.37,7169455,78.50%,12.90%,24.10%,0.63%,"2,555,552",19.85627,102.495496
94,Lebanon,667,LB,64.30%,"10,400","80,000",17.55,961.0,Beirut,"24,796",130.02,3.00%,LBP,2.09,13.40%,$0.74 ,"$53,367,042,272 ",95.10%,26.30%,6.4,"Tripoli, Lebanon",78.9,29.0,$2.15 ,Arabic,32.10%,2.1,6855713,47.00%,15.30%,32.20%,6.23%,"6,084,994",33.854721,35.862285
97,Libya,4,LY,8.70%,"1,759,540",0,18.83,218.0,,"50,564",125.71,2.60%,LYD,2.24,0.10%,$0.11 ,"$52,076,250,948 ",109.00%,60.50%,10.2,,72.7,72.0,$1.88 ,Arabic,36.70%,2.09,6777452,49.70%,,32.60%,18.56%,"5,448,597",26.3351,17.228331
101,Madagascar,48,MG,71.20%,"587,041","22,000",32.66,261.0,Antananarivo,"3,905",184.33,5.60%,MGA,4.08,21.40%,$1.11 ,"$14,083,906,357 ",142.50%,5.40%,38.2,Antananarivo,66.7,335.0,$0.21 ,French,21.70%,0.18,26969307,86.10%,10.20%,38.30%,1.76%,"10,210,849",-18.766947,46.869107
102,Malawi,203,MW,61.40%,"118,484","15,000",34.12,265.0,Lilongwe,"1,298",418.34,9.40%,MWK,4.21,33.20%,$1.15 ,"$7,666,704,427 ",142.50%,0.80%,35.3,Lilongwe,63.8,349.0,$0.12 ,English,11.00%,0.04,18628747,76.70%,17.30%,34.50%,5.65%,"3,199,301",-13.254308,34.301525
103,Malaysia,99,MY,26.30%,"329,847","136,000",16.75,60.0,Kuala Lumpur,"248,289",121.46,0.70%,MYR,2.0,67.60%,$0.45 ,"$364,701,517,788 ",105.30%,45.10%,6.7,Johor Bahru,76.0,29.0,$0.93 ,Malaysian language,36.70%,1.51,32447385,64.30%,12.00%,38.70%,3.32%,"24,475,766",4.210484,101.975766
105,Mali,17,ML,33.80%,"1,240,192","18,000",41.54,223.0,Bamako,"3,179",108.73,-1.70%,XOF,5.88,3.80%,$1.12 ,"$17,510,141,171 ",75.60%,4.50%,62.0,Bamako,58.9,562.0,$0.23 ,French,46.30%,0.13,19658031,70.80%,11.60%,54.50%,7.22%,"8,479,688",17.570692,-3.996166
110,Mexico,66,MX,54.60%,"1,964,375","336,000",17.6,52.0,Mexico City,"486,406",141.54,3.60%,MXN,2.13,33.90%,$0.73 ,"$1,258,286,717,125 ",105.80%,40.20%,11.0,Mexico City,75.0,33.0,$0.49 ,,41.40%,2.38,126014024,60.70%,13.10%,55.10%,3.42%,"102,626,859",23.634501,-102.552784
116,Morocco,83,MA,68.50%,"446,550","246,000",18.94,212.0,Rabat,"61,276",111.07,0.20%,MAD,2.42,12.60%,$0.99 ,"$118,725,279,596 ",113.90%,35.90%,19.2,Casablanca,76.5,70.0,$1.60 ,Arabic,53.10%,0.73,36910560,45.30%,21.90%,45.80%,9.02%,"22,975,026",31.791702,-7.09262
117,Mozambique,40,MZ,63.50%,"799,380","11,000",37.52,258.0,Maputo,"7,943",182.31,2.80%,MZN,4.85,48.00%,$0.65 ,"$14,934,159,926 ",112.60%,7.30%,54.0,Maputo,60.2,289.0,$0.27 ,Portuguese,6.80%,0.08,30366036,78.10%,0.00%,36.10%,3.24%,"11,092,106",-18.665695,35.529562
118,Myanmar,83,MM,19.50%,"676,578","513,000",17.55,95.0,Naypyidaw,"25,280",168.18,8.80%,MMK,2.15,43.60%,$0.54 ,"$76,085,852,617 ",112.30%,18.80%,36.8,Yangon,66.9,250.0,$0.39 ,Burmese,73.90%,0.68,54045420,61.70%,5.40%,31.20%,1.58%,"16,674,093",21.916221,95.955974
121,Nepal,203,NP,28.70%,"147,181","112,000",19.89,977.0,Kathmandu,"9,105",188.73,5.60%,NPR,1.92,25.40%,$0.91 ,"$30,641,380,604 ",142.10%,12.40%,26.7,Kathmandu,70.5,186.0,$0.36 ,Nepali,60.40%,0.75,28608710,83.80%,20.70%,41.80%,1.41%,"5,765,513",28.394857,84.124008
122,Netherlands,508,NL,53.30%,"41,543","41,000",9.7,31.0,Amsterdam,"170,780",115.91,2.60%,,1.59,11.20%,$1.68 ,"$909,070,395,161 ",104.20%,85.00%,3.3,Amsterdam,81.8,5.0,$10.29 ,Dutch,12.30%,3.61,17332850,63.60%,23.00%,41.20%,3.20%,"15,924,729",52.132633,5.291266
124,Nicaragua,55,NI,42.10%,"130,370","12,000",20.64,505.0,Managua,"5,592",162.74,5.40%,NIO,2.4,25.90%,$0.91 ,"$12,520,915,291 ",120.60%,17.40%,15.7,Managua,74.3,98.0,$0.54 ,Spanish,36.00%,0.98,6545502,66.40%,15.60%,60.60%,6.84%,"3,846,137",12.865416,-85.207229
125,Niger,19,NE,36.10%,"1,267,000","10,000",46.08,227.0,Niamey,"2,017",109.32,-2.50%,XOF,6.91,0.90%,$0.88 ,"$12,928,145,120 ",74.70%,4.40%,48.0,Niamey,62.0,509.0,$0.29 ,French,52.30%,0.04,23310715,72.00%,11.80%,47.20%,0.47%,"3,850,231",17.607789,8.081666
126,Nigeria,226,NG,77.70%,"923,768","215,000",37.91,234.0,Abuja,"120,369",267.51,11.40%,NGN,5.39,7.20%,$0.46 ,"$448,120,428,859 ",84.70%,10.20%,75.7,Lagos,54.3,917.0,$0.54 ,English,72.20%,0.38,200963599,52.90%,1.50%,34.80%,8.10%,"102,806,948",9.081999,8.675277
127,North Korea,214,KP,21.80%,"120,538","1,469,000",13.89,850.0,Pyongyang,"28,284",,,KPW,1.9,40.70%,$0.58 ,"$32,100,000,000 ",112.80%,27.00%,13.7,Pyongyang,72.1,89.0,,Korean,,3.67,25666161,80.40%,,,2.74%,"15,947,412",40.339852,127.510093
131,Pakistan,287,PK,47.80%,"796,095","936,000",28.25,92.0,Islamabad,"201,150",182.32,10.60%,PKR,3.51,1.90%,$0.79 ,"$304,400,000,000 ",94.30%,9.00%,57.2,Karachi,67.1,140.0,$0.69 ,Urdu,66.50%,0.98,216565318,52.60%,9.20%,33.90%,4.45%,"79,927,762",30.375321,69.345116
135,Papua New Guinea,20,PG,2.60%,"462,840","4,000",27.07,675.0,Port Moresby,"7,536",155.99,3.60%,PGK,3.56,74.10%,$1.36 ,"$24,969,611,435 ",108.50%,1.80%,38.0,Port Moresby,64.3,145.0,$1.16 ,Tok Pisin,5.80%,0.07,8776109,47.20%,13.60%,37.10%,2.46%,"1,162,834",-6.314993,143.95555
136,Paraguay,18,PY,55.10%,"406,752","27,000",20.57,595.0,Asunci��,"7,407",143.82,2.80%,PYG,2.43,37.70%,$1.04 ,"$38,145,288,940 ",104.40%,34.60%,17.2,Ciudad del Este,74.1,129.0,$1.55 ,Spanish,36.50%,1.35,7044636,72.10%,10.00%,35.00%,4.81%,"4,359,150",-23.442503,-58.443832
137,Peru,26,PE,18.50%,"1,285,216","158,000",17.95,51.0,Lima,"57,414",129.78,2.10%,PEN,2.25,57.70%,$0.99 ,"$226,848,050,820 ",106.90%,70.70%,11.1,Lima,76.5,88.0,$1.28 ,Spanish,30.90%,1.27,32510453,77.60%,14.30%,36.80%,3.31%,"25,390,339",-9.189967,-75.015152
138,Philippines,368,PH,41.70%,"300,000","153,000",20.55,63.0,Manila,"122,287",129.61,2.50%,PHP,2.58,27.80%,$0.86 ,"$376,795,508,680 ",107.50%,35.50%,22.5,Manila,71.1,121.0,$1.12 ,English,53.50%,0.6,108116615,59.60%,14.00%,43.10%,2.15%,"50,975,903",12.879721,121.774017
139,Poland,124,PL,46.90%,"312,685","191,000",10.2,48.0,Warsaw,"299,037",114.11,2.20%,PLN,1.46,30.90%,$1.07 ,"$592,164,400,688 ",100.00%,67.80%,3.8,Warsaw,77.6,2.0,$2.93 ,Polish,23.20%,2.38,37970874,56.70%,17.40%,40.80%,3.47%,"22,796,574",51.919438,19.145136
140,Portugal,111,PT,39.50%,"92,212","52,000",8.5,351.0,Lisbon,"48,742",110.62,0.30%,EUR,1.38,34.60%,$1.54 ,"$237,686,075,635 ",106.20%,63.90%,3.1,Lisbon,81.3,8.0,$3.78 ,Portuguese,27.70%,5.12,10269417,58.80%,22.80%,39.80%,6.33%,"6,753,579",39.399872,-8.224454
142,Romania,84,RO,58.80%,"238,391","126,000",9.6,40.0,Bucharest,"69,259",123.78,3.80%,RON,1.71,30.10%,$1.16 ,"$250,077,444,017 ",85.20%,49.40%,6.1,Bucharest,75.4,19.0,$2.25 ,Romanian,21.30%,2.98,19356544,54.70%,14.60%,20.00%,3.98%,"10,468,793",45.943161,24.96676
143,Russia,9,RU,13.30%,"17,098,240","1,454,000",11.5,7.0,Moscow,"1,732,027",180.75,4.50%,RUB,1.57,49.80%,$0.59 ,"$1,699,876,578,871 ",102.60%,81.90%,6.1,Moscow,72.7,17.0,$0.53 ,Russian,36.40%,4.01,144373535,61.80%,11.40%,46.20%,4.59%,"107,683,889",61.52401,105.318756
144,Rwanda,525,RW,73.40%,"26,338","35,000",31.7,250.0,Kigali,"1,115",151.09,3.40%,RWF,4.04,19.70%,$1.17 ,"$10,122,472,590 ",133.00%,6.70%,27.0,Kigali,68.7,248.0,,Swahili,26.00%,0.13,12626950,83.70%,14.30%,33.20%,1.03%,"2,186,104",-1.940278,29.873888
151,Saudi Arabia,16,SA,80.80%,"2,149,690","252,000",17.8,966.0,Riyadh,"563,449",118.4,-1.20%,SAR,2.32,0.50%,$0.24 ,"$792,966,838,162 ",99.80%,68.00%,6.0,Riyadh,75.0,17.0,$3.85 ,Arabic,15.00%,2.61,34268528,55.90%,8.90%,15.70%,5.93%,"28,807,838",23.885942,45.079162
152,Senegal,87,SN,46.10%,"196,722","19,000",34.52,221.0,Dakar,"10,902",109.25,1.80%,XOF,4.63,42.80%,$1.14 ,"$23,578,084,052 ",81.00%,12.80%,31.8,Pikine,67.7,315.0,$0.31 ,French,44.20%,0.07,16296364,45.70%,16.30%,44.80%,6.60%,"7,765,706",14.497401,-14.452362
153,Serbia,100,RS,39.30%,"77,474","32,000",9.2,381.0,Belgrade,"45,221",144,1.80%,RSD,1.49,31.10%,$1.16 ,"$51,409,167,351 ",100.30%,67.20%,4.8,Belgrade,75.5,12.0,$1.57 ,Serbian,40.60%,3.11,6944975,54.90%,18.60%,36.60%,12.69%,"3,907,243",44.016521,21.005859
155,Sierra Leone,111,SL,54.70%,"71,740","9,000",33.41,232.0,Freetown,"1,093",234.16,14.80%,SLL,4.26,43.10%,$1.08 ,"$3,941,474,311 ",112.80%,2.00%,78.5,Freetown,54.3,1120.0,$0.57 ,English,38.20%,0.03,7813215,57.90%,8.60%,30.70%,4.43%,"3,319,366",8.460555,-11.779889
160,Somalia,25,SO,70.30%,"637,657","20,000",41.75,252.0,Mogadishu,645,,,SOS,6.07,10.00%,$1.41 ,"$4,720,727,278 ",23.40%,2.50%,76.6,Bosaso,57.1,829.0,,Arabic,,0.02,15442905,47.40%,0.00%,,11.35%,"7,034,861",5.152149,46.199616
161,South Africa,49,ZA,79.80%,"1,219,090","80,000",20.51,27.0,Pretoria,"476,644",158.93,4.10%,ZAR,2.41,7.60%,$0.92 ,"$351,431,649,241 ",100.90%,22.40%,28.5,Johannesburg,63.9,119.0,,Afrikaans,7.70%,0.91,58558270,56.00%,27.50%,29.20%,28.18%,"39,149,717",-30.559482,22.937506
162,South Korea,527,KR,17.40%,"99,720","634,000",6.4,82.0,Seoul,"620,302",115.16,0.40%,KRW,0.98,63.40%,$1.22 ,"$2,029,000,000,000 ",98.10%,94.30%,2.7,Seoul,82.6,11.0,$6.49 ,Korean,36.80%,2.36,51709098,63.00%,15.60%,33.20%,4.15%,"42,106,719",35.907757,127.766922
163,South Sudan,18,SS,,"644,329","185,000",35.01,211.0,Juba,"1,727","4,583.71",187.90%,SSP,4.7,,$0.28 ,"$11,997,800,751 ",73.00%,,63.7,Juba,57.6,1150.0,,English,61.30%,,11062113,72.40%,,31.40%,12.24%,"2,201,250",6.8769919,31.3069788
164,Spain,94,ES,52.60%,"505,370","196,000",7.9,34.0,Madrid,"244,002",110.96,0.70%,EUR,1.26,36.90%,$1.26 ,"$1,394,116,310,769 ",102.70%,88.90%,2.5,Madrid,83.3,4.0,$5.60 ,Spanish,24.20%,3.87,47076781,57.50%,14.20%,47.00%,13.96%,"37,927,409",40.463667,-3.74922
165,Sri Lanka,341,LK,43.70%,"65,610","317,000",15.83,94.0,Colombo,"23,362",155.53,3.50%,LKR,2.2,32.90%,$0.88 ,"$84,008,783,756 ",100.20%,19.60%,6.4,Colombo,76.8,36.0,$0.35 ,Tamil,38.40%,1.0,21803000,53.90%,11.90%,55.20%,4.20%,"4,052,088",7.873054,80.771797
166,Sudan,25,SD,28.70%,"1,861,484","124,000",32.18,249.0,Khartoum,"20,000","1,344.19",51.00%,SDG,4.41,8.10%,$0.95 ,"$18,902,284,476 ",76.80%,16.90%,42.1,Omdurman,65.1,295.0,$0.41 ,Arabic,63.20%,0.26,42813238,48.40%,8.00%,45.40%,16.53%,"14,957,233",12.862807,30.217636
168,Sweden,25,SE,7.40%,"450,295","30,000",11.4,46.0,Stockholm,"43,252",110.51,1.80%,SEK,1.76,68.90%,$1.42 ,"$530,832,908,738 ",126.60%,67.00%,2.2,S�����,82.5,4.0,,Swedish,15.20%,3.98,10285453,64.60%,27.90%,49.10%,6.48%,"9,021,165",60.128161,18.643501
169,Switzerland,219,CH,38.40%,"41,277","21,000",10.0,41.0,Bern,"34,477",99.55,0.40%,CHF,1.52,31.80%,$1.45 ,"$703,082,435,360 ",105.20%,59.60%,3.7,Z���,83.6,5.0,,German,28.30%,4.3,8574832,68.30%,10.10%,28.80%,4.58%,"6,332,428",46.818188,8.227512
170,Syria,95,SY,75.80%,"185,180","239,000",23.69,963.0,Damascus,"28,830",143.2,36.70%,SYP,2.81,2.70%,$0.83 ,"$40,405,006,007 ",81.70%,40.10%,14.0,Damascus,71.8,31.0,$1.02 ,Arabic,53.70%,1.22,17070135,44.10%,14.20%,42.70%,8.37%,"9,358,019",34.802075,38.996815
171,Tajikistan,68,TJ,34.10%,"144,100","17,000",30.76,992.0,Dushanbe,"5,310",148.57,6.00%,TJS,3.59,3.00%,$0.71 ,"$8,116,626,794 ",100.90%,31.30%,30.4,Dushanbe,70.9,17.0,$0.23 ,Persian,63.10%,1.7,9321018,42.00%,9.80%,67.30%,11.02%,"2,545,477",38.861034,71.276093
172,Tanzania,67,TZ,44.80%,"947,300","28,000",36.7,255.0,Dodoma,"11,973",187.43,3.50%,TZS,4.89,51.60%,$0.87 ,"$63,177,068,175 ",94.20%,4.00%,37.6,Dar es Salaam,65.0,524.0,$0.09 ,Swahili,26.10%,0.01,58005463,83.40%,11.50%,43.80%,1.98%,"20,011,885",-6.369028,34.888822
173,Thailand,137,TH,43.30%,"513,120","455,000",10.34,66.0,Bangkok,"283,763",113.27,0.70%,THB,1.53,32.20%,$0.71 ,"$543,649,976,166 ",99.80%,49.30%,7.8,Bangkok,76.9,37.0,$1.06 ,Thai,11.80%,0.81,69625582,67.30%,14.90%,29.50%,0.75%,"35,294,600",15.870032,100.992541
175,Togo,152,TG,70.20%,"56,785","10,000",33.11,228.0,Lom�,"3,000",113.3,0.70%,XOF,4.32,3.10%,$0.71 ,"$5,459,979,417 ",123.80%,14.50%,47.4,Lom�,60.8,396.0,$0.34 ,French,51.00%,0.08,8082366,77.60%,16.90%,48.20%,2.04%,"3,414,638",8.619543,0.824782
178,Tunisia,76,TN,64.80%,"163,610","48,000",17.56,216.0,Tunis,"29,937",155.33,6.70%,TND,2.2,6.80%,$0.73 ,"$38,797,709,924 ",115.40%,31.70%,14.6,Tunis,76.5,43.0,$0.47 ,Arabic,39.80%,1.3,11694719,46.10%,21.10%,60.70%,16.02%,"8,099,061",33.886917,9.537499
179,Turkey,110,TR,49.80%,"783,562","512,000",16.03,90.0,Ankara,"372,725",234.44,15.20%,TRY,2.07,15.40%,$1.42 ,"$754,411,708,203 ",93.20%,23.90%,9.1,Istanbul,77.4,17.0,$3.45 ,Turkish,16.90%,1.85,83429615,52.80%,17.90%,42.30%,13.49%,"63,097,818",38.963745,35.243322
182,Uganda,229,UG,71.90%,"241,038","46,000",38.14,256.0,Kampala,"5,680",173.87,2.90%,UGX,4.96,9.70%,$0.94 ,"$34,387,229,486 ",102.70%,4.80%,33.8,Buganda,63.0,375.0,$0.01 ,Swahili,40.50%,0.17,44269594,70.30%,11.70%,33.70%,1.84%,"10,784,516",1.373333,32.290275
183,Ukraine,75,UA,71.70%,"603,550","297,000",8.7,380.0,Kyiv,"202,250",281.66,7.90%,UAH,1.3,16.70%,$0.83 ,"$153,781,069,118 ",99.00%,82.70%,7.5,Kyiv,71.6,19.0,$0.84 ,Ukrainian,47.80%,2.99,44385155,54.20%,20.10%,45.20%,8.88%,"30,835,699",48.379433,31.16558
184,United Arab Emirates,118,AE,5.50%,"83,600","63,000",10.33,971.0,Abu Dhabi,"206,324",114.52,-1.90%,AED,1.41,4.60%,$0.49 ,"$421,142,267,938 ",108.40%,36.80%,6.5,Dubai,77.8,3.0,,Arabic,17.80%,2.53,9770529,82.10%,0.10%,15.90%,2.35%,"8,479,744",23.424076,53.847818
185,United Kingdom,281,GB,71.70%,"243,610","148,000",11.0,44.0,London,"379,025",119.62,1.70%,GBP,1.68,13.10%,$1.46 ,"$2,827,113,184,696 ",101.20%,60.00%,3.6,London,81.3,7.0,$10.13 ,English,14.80%,2.81,66834405,62.80%,25.50%,30.60%,3.85%,"55,908,316",55.378051,-3.435973
186,United States,36,US,44.40%,"9,833,517","1,359,000",11.6,1.0,"Washington, D.C.","5,006,302",117.24,7.50%,USD,1.73,33.90%,$0.71 ,"$21,427,700,000,000 ",101.80%,88.20%,5.6,New York City,78.5,19.0,$7.25 ,,11.10%,2.61,328239523,62.00%,9.60%,36.60%,14.70%,"270,663,028",37.09024,-95.712891
188,Uzbekistan,79,UZ,62.90%,"447,400","68,000",23.3,998.0,Tashkent,"91,811",,,UZS,2.42,7.50%,$1.03 ,"$57,921,286,440 ",104.20%,10.10%,19.1,Tashkent,71.6,29.0,$0.24 ,Uzbek,42.70%,2.37,33580650,65.10%,14.80%,31.60%,5.92%,"16,935,729",41.377491,64.585262
190,Venezuela,32,VE,24.50%,"912,050","343,000",17.88,58.0,Caracas,"164,175","2,740.27",254.90%,VED,2.27,52.70%,$0.00 ,"$482,359,318,768 ",97.20%,79.30%,21.4,Caracas,72.1,125.0,$0.01 ,Spanish,45.80%,1.92,28515829,59.70%,,73.30%,8.80%,"25,162,368",6.42375,-66.58973
191,Vietnam,314,VN,39.30%,"331,210","522,000",16.75,84.0,Hanoi,"192,668",163.52,2.80%,VND,2.05,48.10%,$0.80 ,"$261,921,244,843 ",110.60%,28.50%,16.5,Ho Chi Minh City,75.3,43.0,$0.73 ,Vietnamese,43.50%,0.82,96462106,77.40%,19.10%,37.60%,2.01%,"35,332,140",14.058324,108.277199
192,Yemen,56,YE,44.60%,"527,968","40,000",30.45,967.0,Sanaa,"10,609",157.58,8.10%,YER,3.79,1.00%,$0.92 ,"$26,914,402,224 ",93.60%,10.20%,42.9,Sanaa,66.1,164.0,,Arabic,81.00%,0.31,29161922,38.00%,,26.60%,12.91%,"10,869,523",15.552727,48.516388
193,Zambia,25,ZM,32.10%,"752,618","16,000",36.19,260.0,Lusaka,"5,141",212.31,9.20%,ZMW,4.63,65.20%,$1.40 ,"$23,064,722,446 ",98.70%,4.10%,40.4,Lusaka,63.5,213.0,$0.24 ,English,27.50%,1.19,17861030,74.60%,16.20%,15.60%,11.43%,"7,871,713",-13.133897,27.849332
194,Zimbabwe,38,ZW,41.90%,"390,757","51,000",30.68,263.0,Harare,"10,983",105.51,0.90%,,3.62,35.50%,$1.34 ,"$21,440,758,800 ",109.90%,10.00%,33.9,Harare,61.2,458.0,,Shona,25.80%,0.21,14645468,83.10%,20.70%,31.60%,4.95%,"4,717,305",-19.015438,29.154857
